{
"exist" : "0000ff",
"todo": "ff0000",
"observ" : "ffff00",
"amalgame": "A9A9A9",
"composite": "d2b48c",
"18D" : { "x" : 12, "y" : 116, "dx" : 11, "dy" : 8 },
"18B" : { "x" : 23, "y" : 108, "dx" : 11, "dy" : 8 },
"18M" : { "x" : 34, "y" : 116, "dx" : 11, "dy" : 8 },
"18L" : { "x" : 23, "y" : 124, "dx" : 11, "dy" : 8 },
"18O" : { "x" : 28, "y" : 120, "dx" : 11, "dy" : 8 },
"18Ex" : { "x" : 10, "y" : 4, "dx" : 37, "dy" : 173 },

"17D" : { "x" : 54, "y" : 116, "dx" : 11, "dy" : 8 },
"17B" : { "x" : 65, "y" : 108, "dx" : 11, "dy" : 8 },
"17M" : { "x" : 76, "y" : 116, "dx" : 11, "dy" : 8 },
"17L" : { "x" : 65, "y" : 124, "dx" : 11, "dy" : 8 },
"17O" : { "x" : 70, "y" : 120, "dx" : 11, "dy" : 8 },
"17Ex" : { "x" : 50, "y" : 4, "dx" : 37, "dy" : 173 },

"16D" : { "x" : 93, "y" : 116, "dx" : 11, "dy" : 8 },
"16B" : { "x" : 105, "y" : 108, "dx" : 11, "dy" : 8 },
"16M" : { "x" : 117, "y" : 116, "dx" : 11, "dy" : 8 },
"16L" : { "x" : 105, "y" : 124, "dx" : 11, "dy" : 8 },
"16O" : { "x" : 110, "y" : 120, "dx" : 11, "dy" : 8 },
"16Ex" : { "x" : 89, "y" : 4, "dx" : 37, "dy" : 173 },

"15D" : { "x" : 128, "y" : 116, "dx" : 9, "dy" : 8 },
"15B" : { "x" : 136, "y" : 108, "dx" : 9, "dy" : 8 },
"15M" : { "x" : 144, "y" : 116, "dx" : 9, "dy" : 8 },
"15L" : { "x" : 136, "y" : 124, "dx" : 9, "dy" : 8 },
"15O" : { "x" : 140, "y" : 120, "dx" : 9, "dy" : 8 },
"15Ex" : { "x" : 126, "y" : 4, "dx" : 31, "dy" : 173 },

"14D" : { "x" : 160, "y" : 116, "dx" : 8, "dy" : 8 },
"14B" : { "x" : 168, "y" : 108, "dx" : 8, "dy" : 8 },
"14M" : { "x" : 177, "y" : 116, "dx" : 8, "dy" : 8 },
"14L" : { "x" : 168, "y" : 124, "dx" : 8, "dy" : 8 },
"14O" : { "x" : 172, "y" : 120, "dx" : 8, "dy" : 8 },
"14Ex" : { "x" : 157, "y" : 4, "dx" : 35, "dy" : 173 },

"13Ex" : { "x" : 191, "y" : 4, "dx" : 33, "dy" : 173 },
"12Ex" : { "x" : 223, "y" : 4, "dx" : 34, "dy" : 173 },
"11Ex" : { "x" : 255, "y" : 4, "dx" : 40, "dy" : 173 },

"28M" : { "x" : 551, "y" : 116, "dx" : 11, "dy" : 8 },
"28B" : { "x" : 562, "y" : 108, "dx" : 11, "dy" : 8 },
"28D" : { "x" : 573, "y" : 116, "dx" : 11, "dy" : 8 },
"28L" : { "x" : 562, "y" : 124, "dx" : 11, "dy" : 8 },
"28O" : { "x" : 567, "y" : 120, "dx" : 11, "dy" : 8 },
"28Ex" : { "x" : 549, "y" : 4, "dx" : 37, "dy" : 173 },

"27M" : { "x" : 511, "y" : 116, "dx" : 11, "dy" : 8 },
"27B" : { "x" : 522, "y" : 108, "dx" : 11, "dy" : 8 },
"27D" : { "x" : 533, "y" : 116, "dx" : 11, "dy" : 8 },
"27L" : { "x" : 522, "y" : 124, "dx" : 11, "dy" : 8 },
"27O" : { "x" : 527, "y" : 120, "dx" : 11, "dy" : 8 },
"27Ex" : { "x" : 510, "y" : 4, "dx" : 36, "dy" : 173 },

"26M" : { "x" : 470, "y" : 116, "dx" : 11, "dy" : 8 },
"26B" : { "x" : 482, "y" : 108, "dx" : 11, "dy" : 8 },
"26D" : { "x" : 494, "y" : 116, "dx" : 11, "dy" : 8 },
"26L" : { "x" : 482, "y" : 124, "dx" : 11, "dy" : 8 },
"26O" : { "x" : 488, "y" : 120, "dx" : 11, "dy" : 8 },
"26Ex" : { "x" : 470, "y" : 4, "dx" : 40, "dy" : 173 },

"25M" : { "x" : 442, "y" : 116, "dx" : 9, "dy" : 8 },
"25B" : { "x" : 450, "y" : 108, "dx" : 9, "dy" : 8 },
"25D" : { "x" : 458, "y" : 116, "dx" : 9, "dy" : 8 },
"25L" : { "x" : 450, "y" : 124, "dx" : 9, "dy" : 8 },
"25O" : { "x" : 453, "y" : 120, "dx" : 9, "dy" : 8 },
"25Ex" : { "x" : 441, "y" : 4, "dx" : 31, "dy" : 173 },

"24M" : { "x" : 411, "y" : 116, "dx" : 8, "dy" : 8 },
"24B" : { "x" : 419, "y" : 108, "dx" : 8, "dy" : 8 },
"24D" : { "x" : 428, "y" : 116, "dx" : 8, "dy" : 8 },
"24L" : { "x" : 419, "y" : 124, "dx" : 8, "dy" : 8 },
"24O" : { "x" : 423, "y" : 120, "dx" : 8, "dy" : 8 },
"24Ex" : { "x" : 409, "y" : 4, "dx" : 33, "dy" : 173 },

"23Ex" : { "x" : 372, "y" : 4, "dx" : 35, "dy" : 173 },
"22Ex" : { "x" : 341, "y" : 4, "dx" : 31, "dy" : 173 },
"21Ex" : { "x" : 303, "y" : 4, "dx" : 35, "dy" : 173 },

"38M" : { "x" : 551, "y" : 269, "dx" : 11, "dy" : 8 },
"38L" : { "x" : 562, "y" : 257, "dx" : 11, "dy" : 8 },
"38D" : { "x" : 573, "y" : 269, "dx" : 11, "dy" : 8 },
"38B" : { "x" : 562, "y" : 281, "dx" : 11, "dy" : 8 },
"38O" : { "x" : 567, "y" : 273, "dx" : 11, "dy" : 8 },
"38Ex" : { "x" : 551, "y" : 218, "dx" : 40, "dy" : 173 },

"37M" : { "x" : 511, "y" : 269, "dx" : 11, "dy" : 8 },
"37L" : { "x" : 522, "y" : 257, "dx" : 11, "dy" : 8 },
"37D" : { "x" : 533, "y" : 269, "dx" : 11, "dy" : 8 },
"37B" : { "x" : 522, "y" : 281, "dx" : 11, "dy" : 8 },
"37O" : { "x" : 527, "y" : 273, "dx" : 11, "dy" : 8 },
"37Ex" : { "x" : 509, "y" : 218, "dx" : 41, "dy" : 173 },

"36M" : { "x" : 468, "y" : 269, "dx" : 12, "dy" : 8 },
"36L" : { "x" : 480, "y" : 257, "dx" : 12, "dy" : 8 },
"36D" : { "x" : 492, "y" : 269, "dx" : 12, "dy" : 8 },
"36B" : { "x" : 480, "y" : 281, "dx" : 12, "dy" : 8 },
"36O" : { "x" : 486, "y" : 273, "dx" : 12, "dy" : 8 },
"36Ex" : { "x" : 465, "y" : 218, "dx" : 42, "dy" : 173 },

"35M" : { "x" : 434, "y" : 269, "dx" : 8, "dy" : 8 },
"35L" : { "x" : 442, "y" : 257, "dx" : 8, "dy" : 8 },
"35D" : { "x" : 450, "y" : 269, "dx" : 8, "dy" : 8 },
"35B" : { "x" : 442, "y" : 281, "dx" : 8, "dy" : 8 },
"35O" : { "x" : 445, "y" : 273, "dx" : 8, "dy" : 8 },
"35Ex" : { "x" : 434, "y" : 218, "dx" : 33, "dy" : 173 },

"34M" : { "x" : 401, "y" : 269, "dx" : 8, "dy" : 8 },
"34L" : { "x" : 409, "y" : 257, "dx" : 8, "dy" : 8 },
"34D" : { "x" : 418, "y" : 269, "dx" : 8, "dy" : 8 },
"34B" : { "x" : 409, "y" : 281, "dx" : 8, "dy" : 8 },
"34O" : { "x" : 413, "y" : 273, "dx" : 8, "dy" : 8 },
"34Ex" : { "x" : 401, "y" : 218, "dx" : 33, "dy" : 173 },

"33Ex" : { "x" : 365, "y" : 218, "dx" : 36, "dy" : 173 },
"32Ex" : { "x" : 333, "y" : 218, "dx" : 32, "dy" : 173 },
"31Ex" : { "x" : 303, "y" : 218, "dx" : 33, "dy" : 173 },

"48D" : { "x" : 12, "y" : 269, "dx" : 11, "dy" : 8 },
"48L" : { "x" : 23, "y" : 257, "dx" : 11, "dy" : 8 },
"48M" : { "x" : 34, "y" : 269, "dx" : 11, "dy" : 8 },
"48B" : { "x" : 23, "y" : 281, "dx" : 11, "dy" : 8 },
"48O" : { "x" : 28, "y" : 273, "dx" : 11, "dy" : 8 },
"48Ex" : { "x" : 6, "y" : 218, "dx" : 40, "dy" : 173 },

"47D" : { "x" : 54, "y" : 269, "dx" : 11, "dy" : 8 },
"47L" : { "x" : 65, "y" : 257, "dx" : 11, "dy" : 8 },
"47M" : { "x" : 76, "y" : 269, "dx" : 11, "dy" : 8 },
"47B" : { "x" : 65, "y" : 281, "dx" : 11, "dy" : 8 },
"47O" : { "x" : 70, "y" : 273, "dx" : 11, "dy" : 8 },
"47Ex" : { "x" : 47, "y" : 218, "dx" : 40, "dy" : 173 },

"46D" : { "x" : 93, "y" : 269, "dx" : 12, "dy" : 8 },
"46L" : { "x" : 105, "y" : 257, "dx" : 12, "dy" : 8 },
"46M" : { "x" : 117, "y" : 269, "dx" : 12, "dy" : 8 },
"46B" : { "x" : 105, "y" : 281, "dx" : 12, "dy" : 8 },
"46O" : { "x" : 110, "y" : 273, "dx" : 12, "dy" : 8 },
"46Ex" : { "x" : 93, "y" : 218, "dx" : 33, "dy" : 173 },

"45D" : { "x" : 136, "y" : 269, "dx" : 8, "dy" : 8 },
"45L" : { "x" : 144, "y" : 257, "dx" : 8, "dy" : 8 },
"45M" : { "x" : 152, "y" : 269, "dx" : 8, "dy" : 8 },
"45B" : { "x" : 144, "y" : 281, "dx" : 8, "dy" : 8 },
"45O" : { "x" : 148, "y" : 273, "dx" : 8, "dy" : 8 },
"45Ex" : { "x" : 130, "y" : 218, "dx" : 37, "dy" : 173 },

"44D" : { "x" : 168, "y" : 269, "dx" : 8, "dy" : 8 },
"44L" : { "x" : 176, "y" : 257, "dx" : 8, "dy" : 8 },
"44M" : { "x" : 185, "y" : 269, "dx" : 8, "dy" : 8 },
"44B" : { "x" : 176, "y" : 281, "dx" : 8, "dy" : 8 },
"44O" : { "x" : 180, "y" : 273, "dx" : 8, "dy" : 8 },
"44Ex" : { "x" : 167, "y" : 218, "dx" : 34, "dy" : 173 },

"43Ex" : { "x" : 199, "y" : 218, "dx" : 33, "dy" : 173 },
"42Ex" : { "x" : 231, "y" : 218, "dx" : 33, "dy" : 173 },
"41Ex" : { "x" : 263, "y" : 218, "dx" : 33, "dy" : 173 },

"55D" : { "x" : 12, "y" : 116, "dx" : 11, "dy" : 8 },
"55B" : { "x" : 23, "y" : 108, "dx" : 11, "dy" : 8 },
"55M" : { "x" : 34, "y" : 116, "dx" : 11, "dy" : 8 },
"55L" : { "x" : 23, "y" : 124, "dx" : 11, "dy" : 8 },
"55O" : { "x" : 28, "y" : 120, "dx" : 11, "dy" : 8 },
"55Ex" : { "x" : 12, "y" : 4, "dx" : 33, "dy" : 173 },

"54D" : { "x" : 51, "y" : 116, "dx" : 11, "dy" : 8 },
"54B" : { "x" : 63, "y" : 108, "dx" : 11, "dy" : 8 },
"54M" : { "x" : 75, "y" : 116, "dx" : 11, "dy" : 8 },
"54L" : { "x" : 63, "y" : 124, "dx" : 11, "dy" : 8 },
"54O" : { "x" : 68, "y" : 120, "dx" : 11, "dy" : 8 },
"54Ex" : { "x" : 51, "y" : 4, "dx" : 33, "dy" : 173 },

"53Ex" : { "x" : 83, "y" : 4, "dx" : 33, "dy" : 173 },
"52Ex" : { "x" : 115, "y" : 4, "dx" : 33, "dy" : 173 },
"51Ex" : { "x" : 147, "y" : 4, "dx" : 33, "dy" : 173 },

"65M" : { "x" : 344, "y" : 116, "dx" : 11, "dy" : 8 },
"65B" : { "x" : 355, "y" : 108, "dx" : 11, "dy" : 8 },
"65D" : { "x" : 366, "y" : 116, "dx" : 11, "dy" : 8 },
"65L" : { "x" : 355, "y" : 124, "dx" : 11, "dy" : 8 },
"65O" : { "x" : 360, "y" : 120, "dx" : 11, "dy" : 8 },
"65Ex" : { "x" : 344, "y" : 4, "dx" : 33, "dy" : 173 },

"64M" : { "x" : 303, "y" : 116, "dx" : 11, "dy" : 8 },
"64B" : { "x" : 315, "y" : 108, "dx" : 11, "dy" : 8 },
"64D" : { "x" : 327, "y" : 116, "dx" : 11, "dy" : 8 },
"64L" : { "x" : 315, "y" : 124, "dx" : 11, "dy" : 8 },
"64O" : { "x" : 321, "y" : 120, "dx" : 11, "dy" : 8 },
"64Ex" : { "x" : 303, "y" : 4, "dx" : 33, "dy" : 173 },

"63Ex" : { "x" : 335, "y" : 4, "dx" : 33, "dy" : 173 },
"62Ex" : { "x" : 367, "y" : 4, "dx" : 33, "dy" : 173 },
"61Ex" : { "x" : 399, "y" : 4, "dx" : 33, "dy" : 173 },

"75M" : { "x" : 344, "y" : 269, "dx" : 11, "dy" : 8 },
"75L" : { "x" : 355, "y" : 257, "dx" : 11, "dy" : 8 },
"75D" : { "x" : 366, "y" : 269, "dx" : 11, "dy" : 8 },
"75B" : { "x" : 355, "y" : 281, "dx" : 11, "dy" : 8 },
"75O" : { "x" : 360, "y" : 273, "dx" : 11, "dy" : 8 },
"75Ex" : { "x" : 344, "y" : 218, "dx" : 33, "dy" : 173 },

"74M" : { "x" : 301, "y" : 269, "dx" : 12, "dy" : 8 },
"74L" : { "x" : 313, "y" : 257, "dx" : 12, "dy" : 8 },
"74D" : { "x" : 325, "y" : 269, "dx" : 12, "dy" : 8 },
"74B" : { "x" : 313, "y" : 281, "dx" : 12, "dy" : 8 },
"74O" : { "x" : 319, "y" : 273, "dx" : 12, "dy" : 8 },
"74Ex" : { "x" : 301, "y" : 218, "dx" : 33, "dy" : 173 },

"73Ex" : { "x" : 333, "y" : 218, "dx" : 33, "dy" : 173 },
"72Ex" : { "x" : 365, "y" : 218, "dx" : 33, "dy" : 173 },
"71Ex" : { "x" : 397, "y" : 218, "dx" : 33, "dy" : 173 },

"85D" : { "x" : 12, "y" : 269, "dx" : 11, "dy" : 8 },
"85L" : { "x" : 23, "y" : 257, "dx" : 11, "dy" : 8 },
"85M" : { "x" : 34, "y" : 269, "dx" : 11, "dy" : 8 },
"85B" : { "x" : 23, "y" : 281, "dx" : 11, "dy" : 8 },
"85O" : { "x" : 28, "y" : 273, "dx" : 11, "dy" : 8 },
"85Ex" : { "x" : 12, "y" : 218, "dx" : 33, "dy" : 173 },

"84D" : { "x" : 51, "y" : 269, "dx" : 12, "dy" : 8 },
"84L" : { "x" : 63, "y" : 257, "dx" : 12, "dy" : 8 },
"84M" : { "x" : 75, "y" : 269, "dx" : 12, "dy" : 8 },
"84B" : { "x" : 63, "y" : 281, "dx" : 12, "dy" : 8 },
"84O" : { "x" : 68, "y" : 273, "dx" : 12, "dy" : 8 },
"84Ex" : { "x" : 51, "y" : 218, "dx" : 33, "dy" : 173 },

"83Ex" : { "x" : 83, "y" : 218, "dx" : 33, "dy" : 173 },
"82Ex" : { "x" : 115, "y" : 218, "dx" : 33, "dy" : 173 },
"81Ex" : { "x" : 147, "y" : 218, "dx" : 33, "dy" : 173 }
}
